class,x1_0,y1_0,z1_0,x2_0,y2_0,z2_0,x3_0,y3_0,z3_0,x4_0,y4_0,z4_0,x5_0,y5_0,z5_0,x6_0,y6_0,z6_0,x7_0,y7_0,z7_0,x8_0,y8_0,z8_0,x9_0,y9_0,z9_0,x10_0,y10_0,z10_0,x11_0,y11_0,z11_0,x12_0,y12_0,z12_0,x13_0,y13_0,z13_0,x14_0,y14_0,z14_0,x15_0,y15_0,z15_0,x16_0,y16_0,z16_0,x17_0,y17_0,z17_0,x18_0,y18_0,z18_0,x19_0,y19_0,z19_0,x20_0,y20_0,z20_0
B,0.056157469749451,-0.065769791603088,-0.030155731365085,0.085326164960861,-0.181988060474396,-0.050085514783859,0.070066303014755,-0.268073678016663,-0.071778446435928,0.042913377285004,-0.299926400184631,-0.084253571927547,0.047085732221603,-0.333536446094513,0.012782597914338,0.038500547409058,-0.446983337402344,-0.005538300145417,0.032827794551849,-0.508477210998535,-0.028282336890697,0.026041269302368,-0.550731658935547,-0.043939732015133,0.011037766933441,-0.335035622119904,0.003800548147410,0.006060242652893,-0.465986728668213,-0.008251928724349,0.002109318971634,-0.537479519844055,-0.027981879189610,-0.003038555383682,-0.586195379495621,-0.044845111668110,-0.023789271712303,-0.314446270465851,-0.013919558376074,-0.026751041412354,-0.437939286231995,-0.029611313715577,-0.026389136910439,-0.508521974086761,-0.046719528734684,-0.024695307016373,-0.556970477104187,-0.059348899871111,-0.062040507793427,-0.270029783248901,-0.038388494402170,-0.061912119388580,-0.375202834606171,-0.055249895900488,-0.059537947177887,-0.437374174594879,-0.071084171533585,-0.056635051965714,-0.488306283950806,-0.086942330002785
B,0.050140142440796,-0.088152229785919,-0.022582186385989,0.078295320272446,-0.209095776081085,-0.042834889143705,0.062802433967590,-0.295826733112335,-0.072583958506584,0.030475258827209,-0.290224730968475,-0.101730294525623,0.056836992502213,-0.328002750873566,0.012176927179098,0.054551422595978,-0.423276305198669,0.004789722152054,0.053971499204636,-0.482097595930099,-0.005660378839821,0.053174674510956,-0.538305789232254,-0.014682093635201,0.024707764387131,-0.338084042072296,0.002475155750290,0.031140685081482,-0.443887025117874,-0.005720240995288,0.033804208040237,-0.522502183914185,-0.018850529566407,0.035655826330185,-0.583239942789078,-0.033937018364668,-0.005112111568451,-0.329615622758865,-0.013386716134846,-0.003946125507355,-0.431693732738495,-0.023752762004733,-0.000545918941498,-0.501983821392059,-0.042168457061052,0.000325083732605,-0.552882879972458,-0.059811394661665,-0.036378666758537,-0.298349320888519,-0.034528769552708,-0.036644399166107,-0.383846580982208,-0.048777882009745,-0.034493908286095,-0.437654733657837,-0.065170630812645,-0.033071458339691,-0.488764762878418,-0.085634179413319
B,0.053768604993820,-0.079846322536469,-0.027167420834303,0.085997849702835,-0.199129819869995,-0.042563218623400,0.059492021799088,-0.284650087356567,-0.063017286360264,0.016665071249008,-0.256813824176788,-0.079089283943176,0.059904724359512,-0.312711536884308,0.015157045796514,0.058626323938370,-0.406693696975708,0.014954887330532,0.059221744537354,-0.467433273792267,0.009789947420359,0.060546368360519,-0.526191741228104,0.002588864648715,0.026333719491959,-0.327373772859573,0.012075767852366,0.035607188940048,-0.431065797805786,0.009433527477086,0.041248679161072,-0.505141913890839,0.001172921271063,0.046000778675079,-0.566589236259460,-0.010549188591540,-0.004640102386475,-0.323853522539139,0.003930815029889,0.000956088304520,-0.423279821872711,-0.000237986416323,0.006471216678619,-0.490037202835083,-0.011323631741107,0.010062903165817,-0.548674196004868,-0.022719023749232,-0.038278311491013,-0.296021759510040,-0.010892480611801,-0.036303013563156,-0.375984847545624,-0.019728066399693,-0.031614363193512,-0.428457230329514,-0.033882148563862,-0.027880936861038,-0.484812259674072,-0.051424697041512
B,0.051228463649750,-0.061468899250031,-0.024935403838754,0.082061618566513,-0.181027352809906,-0.038341127336025,0.044478148221970,-0.255517601966858,-0.055530972778797,-0.001315534114838,-0.207842350006104,-0.064942955970764,0.063692599534988,-0.295091778039932,0.017858158797026,0.066006213426590,-0.395057946443558,0.015776606276631,0.065154373645782,-0.455841124057770,0.012574227526784,0.064162313938141,-0.508165389299393,0.007012814749032,0.029908150434494,-0.309670627117157,0.014150211587548,0.038139820098877,-0.415195196866989,0.019296929240227,0.041501015424728,-0.485128462314606,0.022132916375995,0.045604974031448,-0.539184868335724,0.019201681017876,-0.001557856798172,-0.303134977817535,0.003456958802417,0.003870427608490,-0.402840077877045,0.000448116858024,0.010140061378479,-0.465906441211700,-0.004584243521094,0.015417903661728,-0.518684238195419,-0.010653950273991,-0.035877078771591,-0.273352980613708,-0.012755577452481,-0.035730183124542,-0.358373016119003,-0.021114408969879,-0.030832618474960,-0.408319950103760,-0.030575843527913,-0.026067614555359,-0.461330920457840,-0.042410340160131
B,0.052704572677612,-0.053776979446411,-0.037089958786964,0.083174586296082,-0.171918392181396,-0.054860584437847,0.040797561407089,-0.238350868225098,-0.069842472672462,-0.008095234632492,-0.193109571933746,-0.074545033276081,0.065978616476059,-0.278183132410049,0.005803523119539,0.067761242389679,-0.376765131950378,0.000014745904082,0.067118436098099,-0.439500451087952,-0.003455033292994,0.066394835710526,-0.492307916283607,-0.007936549372971,0.032696813344955,-0.295363247394562,0.010806228034198,0.042253971099854,-0.399938046932220,0.014526494778693,0.045053869485855,-0.474390089511871,0.014897464774549,0.047729015350342,-0.532666474580765,0.009079908020794,0.000367164611816,-0.290767461061478,0.008583422750235,0.007550448179245,-0.391326218843460,0.005673312582076,0.013359546661377,-0.455947458744049,0.001342051313259,0.017255604267120,-0.509477019309998,-0.004606777336448,-0.035402208566666,-0.264013171195984,0.000160228737514,-0.033493220806122,-0.347551465034485,-0.006427741609514,-0.028916031122208,-0.395463526248932,-0.016028443351388,-0.025141447782516,-0.444866955280304,-0.026749771088362
B,0.055134087800980,-0.046798348426819,-0.044484972953796,0.085541099309921,-0.162388384342194,-0.059290602803230,0.044067531824112,-0.237475574016571,-0.065937831997871,-0.001961410045624,-0.212863087654114,-0.060057155787945,0.070836067199707,-0.266560435295105,-0.009682900272310,0.075158298015594,-0.373675525188446,-0.018197212368250,0.076196670532227,-0.443214416503906,-0.025293238461018,0.076151728630066,-0.498909652233124,-0.034205127507448,0.036491096019745,-0.284885883331299,-0.001119616674259,0.045349836349487,-0.399143725633621,0.002396968426183,0.049557358026505,-0.477640479803085,0.000824682647362,0.053113549947739,-0.537466257810593,-0.008229513652623,0.003552466630936,-0.281191438436508,0.000325797969708,0.010748445987701,-0.390271544456482,-0.001695715240203,0.017671018838882,-0.458863258361816,-0.005563020240515,0.022600352764130,-0.512976020574570,-0.012568707577884,-0.031917482614517,-0.257305264472961,-0.005876621697098,-0.027143687009811,-0.347197115421295,-0.009273154661059,-0.020110607147217,-0.400002419948578,-0.015883669257164,-0.014071017503738,-0.450685918331146,-0.024191772565246
B,0.056424111127853,-0.042428851127625,-0.043993644416332,0.088946789503098,-0.153590321540833,-0.068513274192810,0.050535053014755,-0.224367737770081,-0.084664113819599,0.002682864665985,-0.206576168537140,-0.088147319853306,0.068630188703537,-0.268792748451233,-0.022841177880764,0.073701888322830,-0.383499592542648,-0.039577573537827,0.078414738178253,-0.454440772533417,-0.050621680915356,0.079953014850616,-0.514906764030457,-0.064149394631386,0.036008358001709,-0.283848345279694,-0.024783872067928,0.047811776399612,-0.408641457557678,-0.037290155887604,0.053977340459824,-0.496022999286652,-0.047138601541519,0.057447999715805,-0.566433608531952,-0.062474671751261,0.002542227506638,-0.277131021022797,-0.031696874648333,0.014415651559830,-0.396061658859253,-0.050381612032652,0.022379875183105,-0.475547909736633,-0.058108482509851,0.027099102735519,-0.539167225360870,-0.066650293767452,-0.034843534231186,-0.247980415821075,-0.046525184065104,-0.027029126882553,-0.348827660083771,-0.064458988606930,-0.021009415388107,-0.410907328128815,-0.077136315405369,-0.016440480947495,-0.468728452920914,-0.088833123445511
B,0.062805622816086,-0.043496251106262,-0.051792137324810,0.094652652740479,-0.162917733192444,-0.088294327259064,0.044689923524857,-0.225150465965271,-0.117092840373516,-0.005452513694763,-0.181196033954620,-0.133734375238419,0.070619672536850,-0.281962037086487,-0.041783306747675,0.073223590850830,-0.402110546827316,-0.073840051889420,0.076218217611313,-0.475091010332108,-0.087181463837624,0.075543045997620,-0.541800141334534,-0.100832067430019,0.034517198801041,-0.298763513565063,-0.043728370219469,0.045622766017914,-0.426330804824829,-0.075388260185719,0.051911860704422,-0.515196502208710,-0.087736114859581,0.054471164941788,-0.591464936733246,-0.100766785442829,-0.002262115478516,-0.287692308425903,-0.051233161240816,0.010621488094330,-0.409871697425842,-0.082114748656750,0.017165303230286,-0.491916388273239,-0.087998941540718,0.019813627004623,-0.565482199192047,-0.097221106290817,-0.041496574878693,-0.250428199768066,-0.065995775163174,-0.032388269901276,-0.354948610067368,-0.088310047984123,-0.027669429779053,-0.422785013914108,-0.099620752036572,-0.024449646472931,-0.491814315319061,-0.111563757061958
B,0.058639615774155,-0.048038482666016,-0.053028672933578,0.090110510587692,-0.173967123031616,-0.087479710578918,0.039883196353912,-0.241742551326752,-0.116704411804676,-0.013352751731873,-0.193109750747681,-0.133790418505669,0.067537337541580,-0.303283810615540,-0.023521116003394,0.071152597665787,-0.420776367187500,-0.052227646112442,0.072256416082382,-0.492782235145569,-0.066810213029385,0.069098502397537,-0.559887111186981,-0.083134390413761,0.030326694250107,-0.317890167236328,-0.026450393721461,0.038257807493210,-0.447166323661804,-0.050197526812553,0.042643189430237,-0.530946552753448,-0.060110449790955,0.043670207262039,-0.603816419839859,-0.070185184478760,-0.005885958671570,-0.304276049137115,-0.038099486380816,0.000567615032196,-0.429381281137466,-0.065524019300938,0.008180826902390,-0.505547761917114,-0.074415251612663,0.011943012475967,-0.576008230447769,-0.083636432886124,-0.044350415468216,-0.265285253524780,-0.057712458074093,-0.041483253240585,-0.370685100555420,-0.078483447432518,-0.035136312246323,-0.433187872171402,-0.090022675693035,-0.029394567012787,-0.499833345413208,-0.099140636622906
B,0.056160211563110,-0.054488718509674,-0.052098874002695,0.089929044246674,-0.178538501262665,-0.086390420794487,0.043143510818481,-0.245400965213776,-0.115440919995308,-0.011025816202164,-0.194703996181488,-0.134657159447670,0.070102453231812,-0.312087595462799,-0.025962049141526,0.070137172937393,-0.431199163198471,-0.046394534409046,0.069820821285248,-0.505294203758240,-0.059392541646957,0.068003147840500,-0.568671524524689,-0.073359929025173,0.032465994358063,-0.327019870281219,-0.024282949045300,0.037825435400009,-0.453140288591385,-0.033270180225372,0.042265027761459,-0.539702355861664,-0.036990370601416,0.044615089893341,-0.609562993049622,-0.046723924577236,-0.003992825746536,-0.313478410243988,-0.030765544623137,0.000883191823959,-0.433726400136948,-0.044594869017601,0.008154630661011,-0.512234270572662,-0.048880226910114,0.012652039527893,-0.579018384218216,-0.056272283196449,-0.041748523712158,-0.273536860942841,-0.045441776514053,-0.041262596845627,-0.375438332557678,-0.059286374598742,-0.035652369260788,-0.437397360801697,-0.068974606692791,-0.030073404312134,-0.500253736972809,-0.078941337764263
B,0.056345194578171,-0.059316098690033,-0.049558237195015,0.089839190244675,-0.182789623737335,-0.083075106143951,0.044410347938538,-0.250541031360626,-0.113185852766037,-0.010077953338623,-0.196775913238525,-0.135942861437798,0.070448428392410,-0.310823857784271,-0.029561059549451,0.070073366165161,-0.432108700275421,-0.049786511808634,0.069680571556091,-0.506987810134888,-0.061277713626623,0.068646967411041,-0.571469634771347,-0.072958126664162,0.032569676637650,-0.324782371520996,-0.027634816244245,0.038192510604858,-0.452038288116455,-0.039407353848219,0.042272508144379,-0.540221154689789,-0.044028900563717,0.044996023178101,-0.610883563756943,-0.054378673434258,-0.004097431898117,-0.312186300754547,-0.032891523092985,0.001186311244965,-0.434240281581879,-0.050275109708309,0.008309751749039,-0.514025032520294,-0.055950663983822,0.012439817190170,-0.580438256263733,-0.063989549875259,-0.042242735624313,-0.274031817913055,-0.044794760644436,-0.041557282209396,-0.377199620008469,-0.059679452329874,-0.035994231700897,-0.438780307769775,-0.070557862520218,-0.030555367469788,-0.501388788223267,-0.082205250859261
B,0.057223051786423,-0.065764009952545,-0.047022920101881,0.088220387697220,-0.195928692817688,-0.079720333218575,0.040972709655762,-0.262206971645355,-0.112037196755409,-0.009866684675217,-0.210289537906647,-0.140983775258064,0.059157580137253,-0.321860253810883,-0.014568734914064,0.057806372642517,-0.434443593025208,-0.032450236380100,0.056666046380997,-0.502620756626129,-0.047488890588284,0.055777937173843,-0.566955924034119,-0.062879361212254,0.020917028188705,-0.332635462284088,-0.014608767814934,0.024782955646515,-0.453059434890747,-0.027443012222648,0.027906537055969,-0.535176873207092,-0.036315884441137,0.029778242111206,-0.605979204177856,-0.048973500728607,-0.014641821384430,-0.318043053150177,-0.024211753159761,-0.011414021253586,-0.434558838605881,-0.041466165333986,-0.004434257745743,-0.512913376092911,-0.050385389477015,-0.000371605157852,-0.582005679607391,-0.062284778803587,-0.052087038755417,-0.276608228683472,-0.040586668998003,-0.050391614437103,-0.373917073011398,-0.056819222867489,-0.045684695243835,-0.434742420911789,-0.070094898343086,-0.042736917734146,-0.501667171716690,-0.084214307367802
B,0.065192341804504,-0.061444282531738,-0.030137220397592,0.112298458814621,-0.178277552127838,-0.047583781182766,0.096887975931168,-0.279286682605743,-0.065794847905636,0.052162945270538,-0.277416408061981,-0.079551942646503,0.065509080886841,-0.313142597675323,0.006347811780870,0.064134210348129,-0.425410628318787,-0.000464497396024,0.064423352479935,-0.491730630397797,-0.010682419873774,0.064942300319672,-0.550607413053513,-0.022668261080980,0.026104658842087,-0.327269315719604,0.002454632194713,0.026961088180542,-0.452113807201385,0.005007443949580,0.030018150806427,-0.534889042377472,-0.000225233568926,0.033442169427872,-0.602096527814865,-0.011929854750633,-0.010048955678940,-0.318066239356995,-0.011186512187123,-0.007678449153900,-0.437569677829742,-0.015431593172252,-0.002999663352966,-0.514680206775665,-0.026559973135591,0.001322388648987,-0.576877146959305,-0.041672118008137,-0.048135638237000,-0.286462008953094,-0.032029423862696,-0.046524554491043,-0.384027749300003,-0.040335506200790,-0.043709903955460,-0.445888012647629,-0.052405353635550,-0.041188001632690,-0.506400346755981,-0.068574272096157
B,0.065042942762375,-0.062214672565460,-0.019052552059293,0.115890681743622,-0.171441376209259,-0.028864970430732,0.121267914772034,-0.281316101551056,-0.043113391846418,0.083625018596649,-0.307964503765106,-0.052419725805521,0.068431675434113,-0.308230876922607,0.020512208342552,0.069475561380386,-0.417606353759766,0.014113707467914,0.071083813905716,-0.480921775102615,0.005732052959502,0.072720646858215,-0.536886155605316,-0.003308800514787,0.031450510025024,-0.320786774158478,0.012111312709749,0.032843470573425,-0.439435690641403,0.010962370783091,0.037088930606842,-0.514883995056152,0.001579264644533,0.042592048645020,-0.572751492261887,-0.010934908874333,-0.003442138433456,-0.312878429889679,-0.004868641961366,0.000301033258438,-0.427197277545929,-0.015552404336631,0.004875540733337,-0.496982216835022,-0.032779950648546,0.011482775211334,-0.550191074609756,-0.049252547323704,-0.041126430034637,-0.285385847091675,-0.027143197134137,-0.038757085800171,-0.380163967609406,-0.040964283049107,-0.036808729171753,-0.439328968524933,-0.056132841855288,-0.032242983579636,-0.496336579322815,-0.072854727506638
B,0.063923537731171,-0.061042726039886,-0.016588624566793,0.113690942525864,-0.161753714084625,-0.029591146856546,0.129226207733154,-0.268615603446960,-0.050536323338747,0.106564998626709,-0.336505740880966,-0.068189002573490,0.068762242794037,-0.291491329669952,0.032930627465248,0.070692777633667,-0.400494158267975,0.020655814558268,0.075419664382935,-0.453251838684082,-0.002992122434080,0.081689476966858,-0.478980332612991,-0.020719360560179,0.032339304685593,-0.302637994289398,0.022909291088581,0.035689473152161,-0.418709307909012,0.014313803054392,0.044853597879410,-0.479188293218613,-0.012466714717448,0.055485159158707,-0.498073399066925,-0.035795740783215,-0.002852410078049,-0.295197665691376,0.005665214732289,0.002786755561829,-0.402905046939850,-0.009914984926581,0.012214779853821,-0.457717388868332,-0.036575730890036,0.024701714515686,-0.477659881114960,-0.057115457952023,-0.040820956230164,-0.270036220550537,-0.015413725748658,-0.036551713943481,-0.357949137687683,-0.033260021358728,-0.029975593090057,-0.408714473247528,-0.051032893359661,-0.017931461334229,-0.442864775657654,-0.069226056337357
A,0.064937859773636,-0.073458850383759,0.003768956754357,0.109390020370483,-0.167675316333771,-0.008733049966395,0.124905109405518,-0.268299579620361,-0.030211115255952,0.107635945081711,-0.342168211936951,-0.043597187846899,0.059780985116959,-0.281729519367218,0.037355311214924,0.064592182636261,-0.396522700786591,0.013235675171018,0.069894641637802,-0.332507282495499,-0.010058435611427,0.065478652715683,-0.273529708385468,-0.016437567770481,0.027999937534332,-0.281401157379150,0.019839182496071,0.029405564069748,-0.401096403598785,-0.012017511762679,0.037137269973755,-0.321424871683121,-0.042248826473951,0.032086968421936,-0.260142624378204,-0.050674017518759,-0.005644291639328,-0.272027313709259,-0.000489174679387,-0.004604220390320,-0.382522642612457,-0.023186471313238,0.008437544107437,-0.311249613761902,-0.033926811069250,0.006234318017960,-0.250444471836090,-0.031548395752907,-0.043576657772064,-0.249813795089722,-0.020036283880472,-0.038919091224670,-0.347203999757767,-0.027943860739470,-0.024281769990921,-0.303328633308411,-0.028006363660097,-0.022615283727646,-0.246039390563965,-0.022440748289227
A,0.067657411098480,-0.085698127746582,-0.001699836691841,0.104912459850311,-0.186102926731110,-0.004375051241368,0.114031404256821,-0.283452332019806,-0.016143292188644,0.101514369249344,-0.351182341575623,-0.022521926090121,0.060586661100388,-0.266248464584351,0.015098113566637,0.064811378717422,-0.362010776996613,-0.029269732534885,0.070794135332108,-0.275671005249023,-0.045267529785633,0.067878514528275,-0.212494432926178,-0.041192922741175,0.025079101324081,-0.263920247554779,-0.001532337162644,0.027576804161072,-0.353303015232086,-0.064724482595921,0.038318276405334,-0.251916944980621,-0.080971688032150,0.034635186195374,-0.188018560409546,-0.071367047727108,-0.011539250612259,-0.251327753067017,-0.025028258562088,-0.008160889148712,-0.336577355861664,-0.078681200742722,0.008120268583298,-0.240225672721863,-0.078808829188347,0.006508618593216,-0.176184058189392,-0.064947679638863,-0.051028043031693,-0.223417937755585,-0.048469569534063,-0.042994827032089,-0.308081865310669,-0.078428998589516,-0.024400979280472,-0.243919849395752,-0.082635551691055,-0.020721375942230,-0.184251606464386,-0.077628687024117
A,0.066154301166534,-0.089344620704651,-0.001992386998609,0.099920660257339,-0.190404236316681,0.005894881207496,0.103812575340271,-0.283869147300720,0.005678350105882,0.088023573160172,-0.345991343259811,0.006747354753315,0.055474936962128,-0.248565435409546,0.029023725539446,0.061598449945450,-0.335767924785614,-0.016076875850558,0.067037940025330,-0.274912178516388,-0.047091636806726,0.065886348485947,-0.210199356079102,-0.058676809072495,0.021128565073013,-0.242939889431000,0.017844796180725,0.023184001445770,-0.322116404771805,-0.041102237999439,0.030714362859726,-0.236090600490570,-0.069067180156708,0.030008763074875,-0.156758069992065,-0.070042945444584,-0.013600289821625,-0.230069279670715,-0.000314045639243,-0.008633852005005,-0.303333818912506,-0.050595592707396,0.001685440540314,-0.219741344451904,-0.058008294552565,0.001760572195053,-0.146284401416779,-0.048917848616838,-0.053020894527435,-0.203965663909912,-0.019283680245280,-0.044324487447739,-0.279297471046448,-0.050436962395906,-0.029521435499191,-0.224272966384888,-0.056538995355368,-0.024488002061844,-0.161007225513458,-0.050950523465872
A,0.064847975969315,-0.085615217685699,0.004406151361763,0.096009522676468,-0.181558370590210,0.014738094992936,0.095912098884583,-0.273383796215057,0.016498507931828,0.075517177581787,-0.334564328193665,0.020100014284253,0.050603479146957,-0.236928403377533,0.045712463557720,0.056859940290451,-0.318968504667282,0.005140265449882,0.063517749309540,-0.256925046443939,-0.020541207864881,0.063411802053452,-0.194111943244934,-0.026056544855237,0.018398642539978,-0.231949150562286,0.033468782901764,0.023983925580978,-0.308458566665649,-0.022453535348177,0.030822157859802,-0.224113821983337,-0.050330784171820,0.029138833284378,-0.146051466464996,-0.049496009945869,-0.014914870262146,-0.220900058746338,0.014488214626908,-0.006654232740402,-0.292862594127655,-0.032302282750607,0.002023726701736,-0.207641243934631,-0.040994908660650,0.000884115695953,-0.132331550121307,-0.032902788370848,-0.052609801292419,-0.198851048946381,-0.004492023028433,-0.040388435125351,-0.269847452640533,-0.031846743077040,-0.027482479810715,-0.213028013706207,-0.037033256143332,-0.024555802345276,-0.149273753166199,-0.030430695042014
A,0.062877118587494,-0.071131885051727,-0.002871731994674,0.096455454826355,-0.168359518051147,0.000493317784276,0.096278965473175,-0.261706173419952,-0.003622197080404,0.074209272861481,-0.327625572681427,-0.004291153512895,0.049184858798981,-0.229664027690887,0.037926055490971,0.057996839284897,-0.304952323436737,-0.008900715969503,0.062725484371185,-0.238734781742096,-0.028951855376363,0.059973597526550,-0.177295267581940,-0.026741400361061,0.018073856830597,-0.228858590126038,0.027241367846727,0.025056838989258,-0.300345301628113,-0.032731574028730,0.029964148998260,-0.210739135742188,-0.054162479937077,0.025063961744308,-0.134653329849243,-0.048105280846357,-0.014545530080795,-0.219863712787628,0.008988300338387,-0.003820568323135,-0.286967098712921,-0.042599186301231,0.002137839794159,-0.195791900157928,-0.046603735536337,-0.003592669963837,-0.122628211975098,-0.034112632274628,-0.051775217056274,-0.199425816535950,-0.008968556299806,-0.036331743001938,-0.264044761657715,-0.038122247904539,-0.025838196277618,-0.202864527702332,-0.041415616869926,-0.028009086847305,-0.141948223114014,-0.034110207110643
A,0.061340272426605,-0.054828584194183,-0.018685065209866,0.097933709621429,-0.156071603298187,-0.029350344091654,0.098769068717957,-0.251910030841827,-0.043779291212559,0.075291812419891,-0.317590653896332,-0.053931966423988,0.054124474525452,-0.226117849349976,0.003876092610881,0.065562844276428,-0.293057739734650,-0.050549056380987,0.066469162702560,-0.220084726810455,-0.068299792706966,0.061452567577362,-0.160696744918823,-0.061479721218348,0.020502537488937,-0.227051913738251,-0.003607317805290,0.029262781143188,-0.290446221828461,-0.070865631103516,0.031671106815338,-0.197409510612488,-0.087208226323128,0.026404529809952,-0.126014471054077,-0.077683031558990,-0.013833284378052,-0.217967152595520,-0.018919235095382,-0.002938956022263,-0.277473270893097,-0.078570038080215,0.001791626214981,-0.183149755001068,-0.078027226030827,-0.002784758806229,-0.114068746566772,-0.062861874699593,-0.051134258508682,-0.195318877696991,-0.034412946552038,-0.034478902816772,-0.249035298824310,-0.070129305124283,-0.025077134370804,-0.183025002479553,-0.071045011281967,-0.027731716632843,-0.126416027545929,-0.062592379748821
A,0.068559139966965,-0.041123330593109,-0.025219280272722,0.112821072340012,-0.141776084899902,-0.038780070841312,0.115318238735199,-0.242168247699738,-0.052057735621929,0.098456144332886,-0.311729192733765,-0.061260547488928,0.073711246252060,-0.217819094657898,-0.006050503812730,0.090064197778702,-0.285540103912354,-0.056115422397852,0.090675801038742,-0.212469875812531,-0.070762857794762,0.084260821342468,-0.151839554309845,-0.065750509500504,0.037056654691696,-0.221648156642914,-0.012432480230927,0.051626235246658,-0.275887072086334,-0.081570483744144,0.051847040653229,-0.189537823200226,-0.097009599208832,0.043738394975662,-0.125478088855743,-0.090125918388367,0.001205533742905,-0.216493964195251,-0.026177404448390,0.021937757730484,-0.252625942230225,-0.089359946548939,0.023591250181198,-0.164014160633087,-0.081958509981632,0.014895349740982,-0.103467464447021,-0.065227381885052,-0.035189867019653,-0.198762178421021,-0.041581291705370,-0.009232521057129,-0.233124554157257,-0.082940340042114,-0.004051119089127,-0.167833864688873,-0.077921591699123,-0.012589365243912,-0.118934810161591,-0.066358149051666
A,0.056656062602997,-0.056338191032410,-0.025302004069090,0.091801196336746,-0.166194081306458,-0.035996358841658,0.091257154941559,-0.265285968780518,-0.049450535327196,0.070648819208145,-0.332874357700348,-0.058297619223595,0.044908106327057,-0.240649461746216,-0.016267605125904,0.057421207427979,-0.300536632537842,-0.070750303566456,0.061215311288834,-0.223617792129517,-0.089528597891331,0.058773279190063,-0.159330427646637,-0.085960872471333,0.008796483278275,-0.235036313533783,-0.021635156124830,0.019972741603851,-0.292078256607056,-0.097551114857197,0.026341319084167,-0.198174297809601,-0.114487178623676,0.022441297769547,-0.126002430915833,-0.105921328067780,-0.027944475412369,-0.219380080699921,-0.035385966300964,-0.014096885919571,-0.270955979824066,-0.106399640440941,-0.004318535327911,-0.175154745578766,-0.099151059985161,-0.005450367927551,-0.105467200279236,-0.077631205320358,-0.066919475793839,-0.189639210700989,-0.049981527030468,-0.048264712095261,-0.241698861122131,-0.099524326622486,-0.034103751182556,-0.174410521984100,-0.100799903273582,-0.033131986856461,-0.117808282375336,-0.090075187385082
A,0.062766343355179,-0.063053369522095,-0.015946116298437,0.096127390861511,-0.172203600406647,-0.027929073199630,0.093606173992157,-0.272365152835846,-0.044920630753040,0.072799921035767,-0.342434942722321,-0.059635609388351,0.048762530088425,-0.243134558200836,0.017382850870490,0.062536537647247,-0.298119843006134,-0.037175640463829,0.067350029945374,-0.222032785415649,-0.061459578573704,0.065033525228500,-0.161664545536041,-0.059266284108162,0.011031359434128,-0.237412929534912,0.006933874450624,0.024724334478378,-0.294015049934387,-0.062134865671396,0.031030297279358,-0.199257016181946,-0.082838073372841,0.026742339134216,-0.135014116764069,-0.073140598833561,-0.025878399610519,-0.223191261291504,-0.010807821527123,-0.006472200155258,-0.270682692527771,-0.072609946131706,0.002460837364197,-0.170758068561554,-0.071922272443771,-0.001561909914017,-0.107450485229492,-0.052955176681280,-0.063462942838669,-0.198053121566772,-0.029263162985444,-0.040085494518280,-0.241910338401794,-0.066735662519932,-0.026464551687241,-0.172682702541351,-0.063953958451748,-0.028861045837402,-0.121971726417542,-0.049122929573059
A,0.058906435966492,-0.062279462814331,-0.005215138662606,0.089984565973282,-0.167764306068420,-0.012099185027182,0.087694019079208,-0.261550664901733,-0.029360385611653,0.070983290672302,-0.337283909320831,-0.046084020286798,0.040026366710663,-0.245365858078003,0.033884774893522,0.057074457406998,-0.298044145107269,-0.023006796836853,0.060888946056366,-0.229182362556458,-0.055918317288160,0.058126658201218,-0.163137674331665,-0.060589902102947,0.003183096647263,-0.240232110023499,0.019702441990376,0.019028723239899,-0.289995253086090,-0.047776427119970,0.022797167301178,-0.198702037334442,-0.077261261641979,0.019728094339371,-0.128102302551270,-0.075697332620621,-0.032942473888397,-0.223913192749023,-0.002028375631198,-0.011783748865128,-0.268111824989319,-0.061342671513557,-0.004112809896469,-0.169796407222748,-0.064513951539993,-0.006267011165619,-0.101350188255310,-0.049268264323473,-0.070056915283203,-0.196026802062988,-0.023584157228470,-0.045872777700424,-0.239009976387024,-0.060763444751501,-0.031863749027252,-0.171723306179047,-0.061057582497597,-0.031554222106934,-0.117393493652344,-0.049133259803057
A,0.060343205928802,-0.063347220420837,-0.017818437889218,0.092328965663910,-0.175643205642700,-0.036368310451508,0.090324014425278,-0.274330854415894,-0.059134673327208,0.069654911756516,-0.348082423210144,-0.077325180172920,0.036439150571823,-0.242949664592743,-0.001102556358092,0.051951974630356,-0.299392223358154,-0.057513110339642,0.059088528156281,-0.225051105022430,-0.074825346469879,0.057290434837341,-0.163538694381714,-0.067671813070774,0.000155836343765,-0.231222391128540,-0.010213312692940,0.015319764614105,-0.285574316978455,-0.078818760812283,0.022985428571701,-0.196033775806427,-0.097478970885277,0.018971294164658,-0.135666608810425,-0.089096285402775,-0.034701198339462,-0.211104094982147,-0.026015294715762,-0.014518558979034,-0.256160259246826,-0.083717010915279,-0.002265959978104,-0.164441943168640,-0.081754364073277,-0.003778398036957,-0.105094730854034,-0.063499659299850,-0.069794267416000,-0.181995332241058,-0.042949542403221,-0.046330571174622,-0.226508975028992,-0.074075005948544,-0.029303193092346,-0.162828862667084,-0.072310425341129,-0.029238283634186,-0.113049983978271,-0.057371236383915
A,0.057607859373093,-0.051151454448700,-0.025136163458228,0.091153144836426,-0.171721637248993,-0.048466395586729,0.091953694820404,-0.275227069854736,-0.075087606906891,0.073627203702927,-0.351639986038208,-0.099211543798447,0.041918396949768,-0.241683781147003,-0.006118632853031,0.053274482488632,-0.302489280700684,-0.074628174304962,0.059399396181107,-0.231493949890137,-0.102642156183720,0.058403402566910,-0.172937452793121,-0.103446811437607,0.004856258630753,-0.234707832336426,-0.015280353836715,0.015970468521118,-0.295230984687805,-0.086607433855534,0.025995820760727,-0.205847620964050,-0.103880874812603,0.025961637496948,-0.147310912609100,-0.095435641705990,-0.031401544809341,-0.214437544345856,-0.034120745956898,-0.014468193054199,-0.270884871482849,-0.097822524607182,0.000809222459793,-0.172893345355988,-0.097222954034805,0.001879036426544,-0.110087633132935,-0.079507641494274,-0.067587524652481,-0.182794213294983,-0.054735586047173,-0.043694227933884,-0.229105532169342,-0.093673214316368,-0.025551915168762,-0.158190846443176,-0.092597648501396,-0.024774849414825,-0.106720328330994,-0.079511821269989
A,0.062379032373428,-0.041704356670380,-0.025152262300253,0.097032099962234,-0.165347158908844,-0.051465004682541,0.103744447231293,-0.270370543003082,-0.084665171802044,0.094671994447708,-0.348303914070129,-0.115200318396091,0.046645671129227,-0.249291241168976,-0.003690475365147,0.056395947933197,-0.302028566598892,-0.072808645665646,0.064238697290421,-0.238609135150909,-0.109703920781612,0.062666088342667,-0.185286104679108,-0.121051035821438,0.008668869733810,-0.246285080909729,-0.016631199046969,0.016958057880402,-0.316028296947479,-0.085516043007374,0.032318085432053,-0.234034419059753,-0.106122121214867,0.032421231269836,-0.178841531276703,-0.100787110626698,-0.028514355421066,-0.222827672958374,-0.038765575736761,-0.015509247779846,-0.292740106582642,-0.102361410856247,0.005889713764191,-0.203857064247131,-0.104600653052330,0.006444036960602,-0.148443162441254,-0.086949370801449,-0.064934730529785,-0.183964431285858,-0.061533015221357,-0.042399734258652,-0.235567092895508,-0.108391039073467,-0.020668894052505,-0.172069907188416,-0.109028160572052,-0.019689023494720,-0.127802193164825,-0.096769109368324
D,0.058423757553101,-0.055057764053345,-0.025966688990593,0.093319803476334,-0.171086013317108,-0.050273835659027,0.103754967451096,-0.264153540134430,-0.076250120997429,0.101351231336594,-0.342312157154083,-0.100865982472897,0.040296018123627,-0.241690874099731,-0.014010122045875,0.035615652799606,-0.323759794235229,-0.038172464817762,0.031590729951859,-0.392357677221298,-0.061191942542791,0.024781912565231,-0.453584730625153,-0.081361040472984,0.003786355257034,-0.237902700901031,-0.020835001021624,-0.006541609764099,-0.330103456974030,-0.064872883260250,0.007683038711548,-0.296196788549423,-0.083382934331894,0.013071954250336,-0.245838522911072,-0.084598004817963,-0.030735939741135,-0.214111685752869,-0.032378721982241,-0.039909988641739,-0.305791527032852,-0.078163497149944,-0.017884522676468,-0.254315197467804,-0.089260607957840,-0.008078694343567,-0.192603707313538,-0.081203579902649,-0.064497455954552,-0.174186825752258,-0.047331634908915,-0.067570418119431,-0.259998202323914,-0.086574234068394,-0.046732515096664,-0.236812472343445,-0.095489606261253,-0.033744841814041,-0.183457851409912,-0.091950185596943
D,0.046458095312119,-0.051523923873901,-0.023923721164465,0.073629289865494,-0.154068946838379,-0.045167073607445,0.084004670381546,-0.238817751407623,-0.077020488679409,0.089087694883347,-0.319193303585052,-0.107517749071121,0.029503554105759,-0.247588276863098,0.024573339149356,0.027905017137527,-0.333990037441254,0.010401847772300,0.025263667106628,-0.404929578304291,-0.008270013146102,0.022423297166824,-0.465829044580460,-0.023814806714654,-0.003498852252960,-0.242441236972809,0.011157093569636,-0.013134270906448,-0.338416993618011,-0.031570579856634,0.009563088417053,-0.343246042728424,-0.064335614442825,0.027082443237305,-0.314528644084930,-0.071955353021622,-0.032867789268494,-0.223475694656372,-0.009978599846363,-0.044006586074829,-0.323519051074982,-0.058041244745255,-0.011959552764893,-0.299982190132141,-0.096559680998325,0.011132180690765,-0.245390176773071,-0.105199716985226,-0.062765240669250,-0.189715385437012,-0.034128721803427,-0.066219985485077,-0.271679401397705,-0.078942328691483,-0.040562868118286,-0.262432634830475,-0.106685407459736,-0.018218725919724,-0.215011298656464,-0.118684895336628
D,0.047917097806931,-0.041855096817017,-0.033839024603367,0.070815443992615,-0.142554461956024,-0.056158423423767,0.068798929452896,-0.227049946784973,-0.085691511631012,0.062349259853363,-0.309682726860046,-0.110100954771042,0.033684819936752,-0.242571473121643,0.022372117266059,0.027158439159393,-0.341160416603088,0.007591292262077,0.020986139774323,-0.416096687316895,-0.011758378706872,0.015492200851440,-0.477478921413422,-0.026402805000544,0.001273959875107,-0.237783730030060,0.014083730988204,-0.010718464851379,-0.349547624588013,-0.033317066729069,0.012721210718155,-0.364381939172745,-0.068851746618748,0.032929480075836,-0.335525155067444,-0.077884420752525,-0.027569115161896,-0.218590915203094,-0.003670607460663,-0.040378212928772,-0.328082621097565,-0.059271499514580,-0.005637407302856,-0.312228381633759,-0.106005713343620,0.019679874181747,-0.259499669075012,-0.120209760963917,-0.056653678417206,-0.187173545360565,-0.024012289941311,-0.057831138372421,-0.272416532039642,-0.076355651021004,-0.029028236865997,-0.270241737365723,-0.111602745950222,-0.004462331533432,-0.228370010852814,-0.131719827651978
D,0.044447720050812,-0.053425014019012,-0.020619777962565,0.064442217350006,-0.156249225139618,-0.040233511477709,0.063587754964828,-0.240194261074066,-0.069457285106182,0.056460380554199,-0.316458821296692,-0.092887319624424,0.030785799026489,-0.248489499092102,0.028974093496799,0.022376209497452,-0.347457438707352,0.018153620883822,0.016075134277344,-0.418710321187973,0.004126997198910,0.009406268596649,-0.484481483697891,-0.010979983024299,0.001933246850967,-0.238615572452545,0.014257560484111,-0.012273013591766,-0.350349903106689,-0.032319325953722,0.012788474559784,-0.349106907844543,-0.068439729511738,0.034163773059845,-0.315650820732117,-0.079901672899723,-0.024421274662018,-0.214957237243652,-0.008307392708957,-0.040577292442322,-0.326906979084015,-0.056174777448177,-0.006516873836517,-0.312277764081955,-0.097230903804302,0.019700020551682,-0.264712929725647,-0.111702494323254,-0.051829934120178,-0.179869472980499,-0.032407123595476,-0.054359376430511,-0.268645942211151,-0.073444344103336,-0.027088403701782,-0.275238871574402,-0.103177174925804,-0.003536313772202,-0.243722498416901,-0.121744759380817
D,0.042350679636002,-0.059949338436127,-0.012025809846818,0.062121301889420,-0.156129717826843,-0.034216266125441,0.061771512031555,-0.236745357513428,-0.066253937780857,0.054513156414032,-0.308838605880737,-0.092551551759243,0.027088850736618,-0.249396860599518,0.026461124420166,0.016614645719528,-0.347219645977020,0.018934212625027,0.008798778057098,-0.416650116443634,0.008108082227409,-0.000986099243164,-0.482783824205399,-0.006683383602649,0.001371085643768,-0.239037215709686,0.005756182596087,-0.009530454874039,-0.350731909275055,-0.037891950458288,0.017033308744431,-0.341063320636749,-0.069429419934750,0.038006991147995,-0.303522735834122,-0.080883555114269,-0.023695528507233,-0.216662108898163,-0.021339192986488,-0.035483211278915,-0.327656358480453,-0.060507103800774,-0.002610236406326,-0.310584783554077,-0.090820491313934,0.021248668432236,-0.263409018516541,-0.102131344377995,-0.049825012683868,-0.182958364486694,-0.050003327429295,-0.049022078514099,-0.273721516132355,-0.081601597368717,-0.021600246429443,-0.281295478343964,-0.101576186716557,0.001145809888840,-0.251067042350769,-0.116210080683231
D,0.038209646940231,-0.057476043701172,-0.007907330058515,0.059720158576965,-0.150737643241882,-0.029143137857318,0.064842611551285,-0.231759369373322,-0.061134144663811,0.057052075862885,-0.304392099380493,-0.088206849992275,0.024348556995392,-0.249990582466125,0.038475599139929,0.013095110654831,-0.345986604690552,0.036820758134127,0.002654612064362,-0.412475526332855,0.028768235817552,-0.011729806661606,-0.480369567871094,0.013783825561404,0.001141965389252,-0.242131173610687,0.015109797008336,-0.005503237247467,-0.352697044610977,-0.022819837555289,0.023761570453644,-0.333414316177368,-0.049695391207933,0.043903976678848,-0.292455971240997,-0.058078348636627,-0.022107869386673,-0.223968923091888,-0.014727138914168,-0.030622482299805,-0.332717627286911,-0.047759085893631,0.002320408821106,-0.310587406158447,-0.073542706668377,0.023658096790314,-0.264186322689056,-0.082319520413876,-0.045566082000732,-0.193847775459290,-0.047234602272511,-0.041733503341675,-0.281665205955505,-0.073027387261391,-0.013604164123535,-0.285467088222504,-0.088681720197201,0.008215993642807,-0.254287600517273,-0.101030230522156
D,0.039544671773911,-0.048578202724457,-0.015325780957937,0.061844438314438,-0.142216682434082,-0.035662747919559,0.066603034734726,-0.224231183528900,-0.066406294703484,0.065324395895004,-0.300614893436432,-0.093919172883034,0.032114446163177,-0.246744036674500,0.035657711327076,0.021375238895416,-0.345239609479904,0.032365668565035,0.009901136159897,-0.415366113185883,0.022779662162066,-0.006246894598007,-0.484915643930435,0.006603158544749,0.008173972368240,-0.241105377674103,0.016179785132408,0.003154158592224,-0.355310559272766,-0.023291915655136,0.030779331922531,-0.324114292860031,-0.049811009317636,0.046347796916962,-0.274497210979462,-0.055262889713049,-0.015337437391281,-0.223136186599731,-0.010880513116717,-0.021176576614380,-0.331884831190109,-0.050372220575809,0.012961000204086,-0.293124914169312,-0.076202712953091,0.030772626399994,-0.238920152187347,-0.081785544753075,-0.039618104696274,-0.192539036273956,-0.040567893534899,-0.032473713159561,-0.277456104755402,-0.074014127254486,-0.003426164388657,-0.268783569335938,-0.092357985675335,0.014408826828003,-0.230056464672089,-0.101801767945290
D,0.040035068988800,-0.046665787696838,-0.017518963664770,0.064690172672272,-0.138920068740845,-0.037530466914177,0.072138369083405,-0.219552218914032,-0.066487595438957,0.067794203758240,-0.292573571205139,-0.091010853648186,0.031223893165588,-0.245605707168579,0.019782206043601,0.026834696531296,-0.351854443550110,0.004733094945550,0.019512444734573,-0.426220715045929,-0.014350234530866,0.005877435207367,-0.491800725460052,-0.034081686288118,0.006520628929138,-0.238498687744141,0.002156204776838,0.005925327539444,-0.356271147727966,-0.041648745536804,0.028223663568497,-0.326060295104980,-0.071427904069424,0.038448780775070,-0.273152232170105,-0.079625569283962,-0.018047630786896,-0.217929542064667,-0.022404136136174,-0.017176538705826,-0.326517909765244,-0.065919384360313,0.012840837240219,-0.288945734500885,-0.091199934482574,0.026675939559937,-0.232153475284576,-0.096985235810280,-0.043225437402725,-0.183900296688080,-0.049128126353025,-0.031464129686356,-0.265429675579071,-0.086622349917889,-0.003351867198944,-0.253717541694641,-0.106814965605736,0.012013852596283,-0.214161753654480,-0.117989830672741
D,0.041229724884033,-0.053027629852295,-0.021925680339336,0.066171348094940,-0.143294632434845,-0.049592640250921,0.072744429111481,-0.217578709125519,-0.085099644958973,0.060570567846298,-0.267566382884979,-0.118019923567772,0.029959499835968,-0.248870611190796,-0.004555732477456,0.023145616054535,-0.365808486938477,-0.023710098117590,0.014068424701691,-0.444095075130463,-0.043992828577757,-0.001441568136215,-0.511337310075760,-0.064992100000381,0.003888636827469,-0.238265931606293,-0.023441631346941,0.003848850727081,-0.352787077426910,-0.073019817471504,0.028282940387726,-0.312141001224518,-0.099411092698574,0.038692086935043,-0.258041262626648,-0.107129633426666,-0.021339356899261,-0.212464034557343,-0.047281794250011,-0.020985662937164,-0.317587941884995,-0.093658693134785,0.008230686187744,-0.277540326118469,-0.115199640393257,0.020414531230927,-0.223543345928192,-0.119741685688496,-0.046508759260178,-0.171238601207733,-0.073431536555290,-0.038928687572479,-0.252813100814819,-0.111439332365990,-0.012275308370590,-0.239536881446838,-0.128551006317139,0.000987917184830,-0.201340734958649,-0.138863593339920
D,0.037855774164200,-0.051832854747772,-0.037899520248175,0.061975896358490,-0.136840224266052,-0.076624490320683,0.069240093231201,-0.208190381526947,-0.119994580745697,0.057581186294556,-0.268471896648407,-0.161308228969574,0.028460711240768,-0.259770870208740,-0.034788891673088,0.022631555795670,-0.378933131694794,-0.061701796948910,0.012694001197815,-0.463213443756104,-0.087277129292488,-0.002363175153732,-0.538076519966125,-0.112612739205360,-0.001172572374344,-0.244994640350342,-0.049205448478460,-0.007524341344833,-0.364107549190521,-0.110650643706322,0.019518375396729,-0.325545966625214,-0.140514522790909,0.037210434675217,-0.273796379566193,-0.149751111865044,-0.028345346450806,-0.212724387645721,-0.068974524736404,-0.034579843282700,-0.322080373764038,-0.125129774212837,-0.000075668096542,-0.280236840248108,-0.148797392845154,0.020719021558762,-0.225748181343079,-0.152726754546165,-0.054031401872635,-0.162336230278015,-0.092619799077511,-0.051032572984695,-0.247766196727753,-0.139089107513428,-0.020314484834671,-0.235997200012207,-0.159523576498032,0.001791536808014,-0.198167324066162,-0.169585466384888
D,0.040771901607513,-0.050415396690369,-0.044104091823101,0.065386950969696,-0.131157815456390,-0.086677774786949,0.072402358055115,-0.201399624347687,-0.133001312613487,0.063587695360184,-0.271798193454742,-0.174987226724625,0.030719369649887,-0.270022034645081,-0.028477888554335,0.023345977067947,-0.384290575981140,-0.053493853658438,0.012383937835693,-0.465912222862244,-0.077127836644650,-0.001738429069519,-0.541421860456467,-0.101015187799931,-0.000877827405930,-0.257218241691589,-0.039141703397036,-0.007556378841400,-0.370733499526978,-0.103171080350876,0.023913413286209,-0.328698456287384,-0.134062662720680,0.045617818832397,-0.274769127368927,-0.141257107257843,-0.027666896581650,-0.225694596767426,-0.058196328580379,-0.033404588699341,-0.322031259536743,-0.121147647500038,0.006868034601212,-0.270354866981506,-0.150220930576324,0.031108528375626,-0.209244549274445,-0.155103266239166,-0.051379829645157,-0.177740156650543,-0.081117980182171,-0.045715153217316,-0.250859916210175,-0.130149319767952,-0.013383537530899,-0.233944833278656,-0.155698731541634,0.009034425020218,-0.193917751312256,-0.167750671505928
D,0.039756178855896,-0.054608702659607,-0.038824480026960,0.063339203596115,-0.136845529079437,-0.080191515386105,0.070311367511749,-0.207246243953705,-0.126929193735123,0.061450183391571,-0.277315199375153,-0.169025063514709,0.028647422790527,-0.275611579418182,-0.019925177097321,0.021630942821503,-0.388458758592606,-0.041893374174833,0.011315613985062,-0.469184845685959,-0.064226977527142,-0.002168953418732,-0.544498503208160,-0.087974928319454,-0.002544611692429,-0.261359751224518,-0.034306883811951,-0.007649719715118,-0.376178413629532,-0.097209297120571,0.024414360523224,-0.332856535911560,-0.127417415380478,0.045917302370071,-0.276587784290314,-0.134442985057831,-0.029182314872742,-0.229295015335083,-0.056907203048468,-0.033130705356598,-0.326500475406647,-0.118861682713032,0.007369637489319,-0.272221148014069,-0.147392705082893,0.031045675277710,-0.208910346031189,-0.152184590697289,-0.053007543087006,-0.181694567203522,-0.083622373640537,-0.046777248382568,-0.257792651653290,-0.129963785409927,-0.014080286026001,-0.239988505840302,-0.152507871389389,0.007947027683258,-0.198003292083740,-0.163166493177414
D,0.040230870246887,-0.055307865142822,-0.039838712662458,0.063597917556763,-0.137379765510559,-0.081850856542587,0.071386218070984,-0.207474350929260,-0.128917559981346,0.063996672630310,-0.279589295387268,-0.171416193246841,0.028378218412399,-0.277473330497742,-0.018761120736599,0.022135823965073,-0.390609592199326,-0.040936354547739,0.012770742177963,-0.472027480602264,-0.063290603458881,-0.000019848346710,-0.547432661056519,-0.087293066084385,-0.002511173486710,-0.263113617897034,-0.032825466245413,-0.006780296564102,-0.377847284078598,-0.097503721714020,0.026622086763382,-0.334449887275696,-0.127487555146217,0.048711180686951,-0.278513908386230,-0.133173659443855,-0.028744995594025,-0.231197178363800,-0.055468991398811,-0.032347619533539,-0.326948463916779,-0.118941068649292,0.009151786565781,-0.272392094135284,-0.147329464554787,0.033284574747086,-0.208991885185242,-0.151580691337585,-0.052553087472916,-0.184485018253326,-0.082567922770977,-0.046439379453659,-0.260513961315155,-0.129559785127640,-0.013260632753372,-0.242739379405975,-0.152102559804916,0.009247064590454,-0.199301600456238,-0.162236928939819
D,0.039950251579285,-0.058518290519714,-0.038640134036541,0.063271015882492,-0.140446305274963,-0.079625830054283,0.071583390235901,-0.211420536041260,-0.125648960471153,0.064544439315796,-0.284313857555389,-0.166959986090660,0.028355479240417,-0.278445065021515,-0.016071187332273,0.022706389427185,-0.391906023025513,-0.037782158702612,0.014321058988571,-0.473036944866180,-0.059864502400160,0.002310395240784,-0.549216747283936,-0.083512932062149,-0.002138227224350,-0.264027595520020,-0.030243290588260,-0.006789594888687,-0.380408644676208,-0.094715826213360,0.026009798049927,-0.336013793945312,-0.124470070004463,0.047617703676224,-0.280106127262115,-0.129678070545197,-0.028156310319901,-0.232152044773102,-0.053103081882000,-0.032194286584854,-0.329246640205383,-0.116413757205009,0.008635550737381,-0.272614717483521,-0.144658118486404,0.032021880149841,-0.208242654800415,-0.148520216345787,-0.051896125078201,-0.185307085514069,-0.080008722841740,-0.046137154102325,-0.262950301170349,-0.126617908477783,-0.013254284858704,-0.244092404842377,-0.149135664105415,0.008664518594742,-0.200155973434448,-0.159011468291283
D,0.040273666381836,-0.057234466075897,-0.040212053805590,0.064014494419098,-0.139541387557983,-0.082376658916473,0.071953892707825,-0.210538327693939,-0.129295051097870,0.064527004957199,-0.283542692661285,-0.171828255057335,0.029135316610336,-0.280326664447784,-0.018482446670532,0.023098200559616,-0.392518103122711,-0.038380753248930,0.014056354761124,-0.472593158483505,-0.058912996202707,0.001656949520111,-0.547786027193069,-0.081671118736267,-0.001730382442474,-0.266234397888184,-0.031819086521864,-0.005773127079010,-0.381574630737305,-0.095239855349064,0.026850402355194,-0.337525963783264,-0.125374868512154,0.048602283000946,-0.280946075916290,-0.131513386964798,-0.028036832809448,-0.234362483024597,-0.053713884204626,-0.031672179698944,-0.331002354621887,-0.116065703332424,0.009017914533615,-0.274983763694763,-0.145281910896301,0.032599836587906,-0.210560023784637,-0.150286123156548,-0.052284598350525,-0.187397062778473,-0.080078661441803,-0.046252369880676,-0.264061033725739,-0.125818043947220,-0.013558119535446,-0.245164990425110,-0.148635685443878,0.008414447307587,-0.201206982135773,-0.159099191427231
D,0.039983898401260,-0.057988703250885,-0.038892384618521,0.063131213188171,-0.140535414218903,-0.080651700496674,0.070807576179504,-0.210529685020447,-0.127587661147118,0.064659297466278,-0.284008264541626,-0.171127393841743,0.029386192560196,-0.282013773918152,-0.018575649708509,0.023150205612183,-0.393330931663513,-0.038318313658237,0.013933658599854,-0.472194373607635,-0.058810997754335,0.001185923814774,-0.546705603599548,-0.081893272697926,-0.001250207424164,-0.267916500568390,-0.032693099230528,-0.005351155996323,-0.380883395671844,-0.095474705100060,0.027178883552551,-0.334452241659164,-0.125633984804153,0.048115402460098,-0.279373228549957,-0.132358029484749,-0.027378380298615,-0.236047744750977,-0.054967287927866,-0.032018005847931,-0.333178341388702,-0.116102121770382,0.008687734603882,-0.277454495429993,-0.144856601953506,0.031712025403976,-0.213990390300751,-0.150158777832985,-0.051334887742996,-0.188707411289215,-0.081920407712460,-0.045501559972763,-0.264043927192688,-0.125863671302795,-0.012871831655502,-0.244615793228149,-0.148535370826721,0.008614629507065,-0.200889647006989,-0.159335747361183
D,0.040767401456833,-0.058214068412781,-0.037754926830530,0.064777165651321,-0.142135620117188,-0.077760130167007,0.073769271373749,-0.214057326316833,-0.123139597475529,0.068086624145508,-0.285889685153961,-0.164924591779709,0.030534386634827,-0.281520426273346,-0.017495697364211,0.024949580430984,-0.393703192472458,-0.038969613611698,0.017361074686050,-0.473916232585907,-0.061223745346069,0.006543099880219,-0.549673080444336,-0.085313692688942,0.000326424837112,-0.267746508121490,-0.032183781266212,-0.004774928092957,-0.382952570915222,-0.095308743417263,0.028405636548996,-0.341870307922363,-0.125939667224884,0.050568878650665,-0.287781000137329,-0.132838487625122,-0.025462627410889,-0.236524045467377,-0.055351089686155,-0.030235648155212,-0.332880437374115,-0.116545736789703,0.010854512453079,-0.281028389930725,-0.145419552922249,0.034985452890396,-0.218748211860657,-0.150662064552307,-0.048824042081833,-0.189969062805176,-0.082593955099583,-0.043093472719193,-0.264351606369019,-0.126767694950104,-0.009949862957001,-0.246465384960175,-0.150014027953148,0.012302905321121,-0.203907847404480,-0.161407679319382
D,0.041329771280289,-0.056178748607635,-0.039753459393978,0.064886748790741,-0.140407860279083,-0.080511637032032,0.073622584342957,-0.210357725620270,-0.126404851675034,0.072891533374786,-0.283363819122314,-0.169700503349304,0.032979935407639,-0.282429814338684,-0.020437899976969,0.029202640056610,-0.394694536924362,-0.045267317444086,0.024051666259766,-0.476655215024948,-0.071108348667622,0.015647083520889,-0.554245173931122,-0.097987085580826,0.002302289009094,-0.269111335277557,-0.035241652280092,-0.001423835754395,-0.385036110877991,-0.102059796452522,0.031089067459106,-0.342531710863113,-0.135776534676552,0.052214115858078,-0.288069963455200,-0.143848299980164,-0.023962676525116,-0.237882971763611,-0.058702029287815,-0.028196901082993,-0.336389362812042,-0.122811459004879,0.012593001127243,-0.286430180072784,-0.153563514351845,0.036607176065445,-0.225657045841217,-0.159113422036171,-0.048338472843170,-0.191343724727631,-0.086520291864872,-0.042181491851807,-0.267637372016907,-0.133689731359482,-0.009152144193649,-0.250229716300964,-0.157836511731148,0.013061165809631,-0.207188069820404,-0.169578596949577
D,0.041834056377411,-0.056625723838806,-0.038619920611382,0.065180212259293,-0.142577171325684,-0.077572628855705,0.074875414371490,-0.213865995407104,-0.122380942106247,0.077643901109695,-0.289357006549835,-0.165641099214554,0.033193439245224,-0.282142758369446,-0.016622768715024,0.031110316514969,-0.393733441829681,-0.041454803198576,0.029463976621628,-0.476516902446747,-0.066609449684620,0.024926543235779,-0.554714858531952,-0.093045808374882,0.002815306186676,-0.269168674945831,-0.031639892607927,-0.001715272665024,-0.386187553405762,-0.098775975406170,0.031424790620804,-0.345472574234009,-0.132871210575104,0.053713440895081,-0.290682196617126,-0.139540761709213,-0.023435264825821,-0.238590419292450,-0.055606398731470,-0.028497755527496,-0.339764714241028,-0.119354933500290,0.013293981552124,-0.292043864727020,-0.151964113116264,0.038848191499710,-0.231144607067108,-0.158103257417679,-0.048064291477203,-0.193308293819427,-0.083727948367596,-0.042591392993927,-0.271033406257629,-0.130724683403969,-0.008787602186203,-0.255523145198822,-0.156998261809349,0.014800190925598,-0.213144302368164,-0.169330850243568
D,0.042813748121262,-0.060472309589386,-0.034226462244987,0.064885079860687,-0.154099345207214,-0.069577582180500,0.074292451143265,-0.224930167198181,-0.110947169363499,0.086507737636566,-0.286370396614075,-0.153895720839500,0.036314010620117,-0.281407356262207,-0.017938932403922,0.031806379556656,-0.395671248435974,-0.045182280242443,0.033445954322815,-0.481171816587448,-0.073942795395851,0.032915592193604,-0.560924112796783,-0.102940410375595,0.005407154560089,-0.266632497310638,-0.034301429986954,-0.002500712871552,-0.387339830398560,-0.099995046854019,0.030784815549850,-0.352819085121155,-0.137089386582375,0.053510278463364,-0.300481557846069,-0.145435944199562,-0.021571785211563,-0.235045611858368,-0.058509171009064,-0.031032830476761,-0.345287919044495,-0.119006574153900,0.010656267404556,-0.306478679180145,-0.153475359082222,0.037368357181549,-0.251056015491486,-0.160576403141022,-0.047788053750992,-0.189148426055908,-0.086308635771275,-0.045772075653076,-0.276341795921326,-0.135070279240608,-0.013144165277481,-0.263903498649597,-0.162468984723091,0.009916931390762,-0.222801566123962,-0.175395697355270
D,0.044780224561691,-0.064118802547455,-0.011636984534562,0.071865558624268,-0.169465422630310,-0.032114923000336,0.092654019594193,-0.240796983242035,-0.064054712653160,0.117760121822357,-0.298581242561340,-0.100098624825478,0.038173198699951,-0.281570494174957,0.001949127414264,0.034885525703430,-0.403160035610199,-0.023912221193314,0.036219388246536,-0.486087024211884,-0.052001882344484,0.033921092748642,-0.559638679027557,-0.080301463603973,0.007081598043442,-0.266452670097351,-0.024176511913538,0.000212103128433,-0.389439404010773,-0.086018070578575,0.030061900615692,-0.342540621757507,-0.116698563098907,0.047533690929413,-0.284539699554443,-0.117434307932854,-0.022279709577560,-0.235204041004181,-0.055758051574230,-0.033076286315918,-0.359223842620850,-0.112101353704929,0.004391908645630,-0.311733126640320,-0.135438621044159,0.025434583425522,-0.251532375812531,-0.133685469627380,-0.052157998085022,-0.188116073608398,-0.090093657374382,-0.051268309354782,-0.285028994083405,-0.135061413049698,-0.020109951496124,-0.267140567302704,-0.156088009476662,-0.001192450523376,-0.222122311592102,-0.162859499454498
D,0.055664002895355,-0.058179616928101,-0.006111438386142,0.097956299781799,-0.162709116935730,-0.023283071815968,0.118909120559692,-0.230378031730652,-0.053373880684376,0.132161676883698,-0.284120202064514,-0.090614505112171,0.041939705610275,-0.288990616798401,0.013115488924086,0.048084795475006,-0.404405832290649,-0.011543422006071,0.052109897136688,-0.470109105110168,-0.036520272493362,0.054466873407364,-0.520377397537231,-0.054552298039198,0.006271541118622,-0.272131443023682,-0.013914268463850,0.013671547174454,-0.364570796489716,-0.072929017245770,0.043900489807129,-0.281680464744568,-0.101987361907959,0.062107294797897,-0.201465725898743,-0.102561004459858,-0.028405666351318,-0.238544344902039,-0.044188711792231,-0.022978395223618,-0.336941838264465,-0.098686940968037,0.010336905717850,-0.259911656379700,-0.117475390434265,0.026426464319229,-0.186411917209625,-0.115772679448128,-0.063952624797821,-0.192888498306274,-0.076511435210705,-0.058396160602570,-0.273804008960724,-0.117718093097210,-0.027061998844147,-0.227764368057251,-0.130987316370010,-0.008593380451202,-0.174589097499847,-0.133693799376488
M,0.077643424272537,-0.024020135402679,-0.023411823436618,0.133087337017059,-0.077970087528229,-0.065651580691338,0.163849025964737,-0.102430403232574,-0.105522468686104,0.185827940702438,-0.098957955837250,-0.149041146039963,0.101342171430588,-0.236621975898743,-0.106309898197651,0.138810008764267,-0.194226145744324,-0.182419106364250,0.155735194683075,-0.103343963623047,-0.214541882276535,0.164557069540024,-0.035066425800323,-0.221360996365547,0.050905823707581,-0.239839434623718,-0.129466161131859,0.096139520406723,-0.157886028289795,-0.198629692196846,0.115755200386047,-0.055173695087433,-0.208765909075737,0.124172151088715,0.015479564666748,-0.208629086613655,0.003342121839523,-0.206991314888000,-0.154013097286224,0.047910749912262,-0.134712040424347,-0.212074249982834,0.067326426506042,-0.030535340309143,-0.218475371599197,0.074930697679520,0.040055692195892,-0.213154122233391,-0.041117012500763,-0.158195734024048,-0.177735596895218,-0.008327692747116,-0.105630159378052,-0.209795802831650,0.013913452625275,-0.035027265548706,-0.209486156702042,0.025123834609985,0.013890326023102,-0.204734012484550
